sensor_1,sensor_2,sensor_3,sensor_4,delay
638,587,135,585,4
715,661,195,785,19
144,686,489,121,24
141,110,927,446,22
83,76,810,360,48
244,736,10,581,35
211,535,995,661,35
831,233,701,149,81
238,919,172,817,46
422,179,896,998,18
111,507,779,369,38
649,682,159,848,44
912,280,737,595,86
977,68,16,533,1
448,11,777,558,27
223,921,384,168,27
102,1000,596,669,13
881,525,714,34,44
974,819,154,405,67
638,1011,557,628,94
14,543,117,68,6
429,223,291,100,52
30,427,922,849,76
75,796,448,228,99
12,460,238,489,50
990,618,844,121,36
84,584,825,202,68
811,453,1000,805,25
230,314,328,918,59
315,662,202,376,62
278,156,582,358,20
760,912,911,44,98
415,318,371,390,4
545,998,365,598,41
143,437,368,990,92
912,271,307,208,89
757,573,452,193,89
202,516,91,903,16
165,393,105,415,69
350,926,761,225,74
200,256,659,343,62
594,8,1,219,65
679,496,494,912,53
919,354,821,567,50
690,943,630,256,72
970,549,538,197,58
790,968,433,654,44
693,525,840,38,100
697,531,511,910,64
812,321,739,21,1
227,532,369,779,8
668,464,434,66,92
364,809,213,365,52
985,961,329,735,35
613,331,888,824,24
603,178,643,473,65
857,379,17,839,45
70,860,233,191,86
124,433,267,713,11
839,439,377,209,85
729,61,44,550,55
566,956,309,858,45
968,958,152,4,6
713,956,956,270,81
1009,82,667,441,36
654,625,480,883,41
640,859,554,382,52
672,909,6,716,27
331,194,250,388,33
212,993,363,387,77
391,963,58,444,79
948,264,71,123,85
703,26,118,817,14
589,939,45,76,40
61,89,925,364,53
605,561,961,708,19
498,646,697,499,76
888,632,266,667,20
604,869,986,8,4
15,704,173,330,35
707,908,572,925,3
617,88,380,797,76
954,111,437,327,81
274,342,666,477,81
409,122,718,788,61
318,981,630,205,23
307,878,306,131,65
94,183,131,772,7
122,910,399,42,88
56,775,427,961,73
538,764,501,181,95
323,1004,16,916,78
779,342,924,768,28
816,189,794,422,54
512,406,57,166,59
790,481,749,228,30
540,10,250,1004,42
309,566,865,517,53
981,627,903,1013,16
185,82,20,296,49
334,686,304,362,64
824,831,447,702,87
780,707,792,38,80
986,711,976,556,20
129,198,966,931,45
454,924,467,445,37
458,822,557,129,93
700,846,180,318,73
452,46,737,340,36
222,1020,96,98,39
655,373,485,412,78
705,798,412,702,37
520,654,228,998,11
601,830,326,1023,8
880,540,540,151,45
353,910,964,351,45
167,319,219,10,3
127,163,120,807,84
382,103,387,548,52
874,508,915,840,70
797,255,911,651,86
800,727,538,476,73
40,882,970,518,55
30,971,67,615,82
926,157,518,959,83
528,533,680,929,80
329,145,500,776,67
159,744,816,1013,8
985,501,591,555,75
638,407,217,72,69
557,490,153,978,13
422,556,538,501,13
951,367,63,575,46
604,638,808,618,88
909,224,49,279,17
774,19,232,314,55
139,384,835,6,7
789,152,80,792,84
107,926,964,228,54
646,511,294,712,50
241,184,187,765,12
832,343,542,996,17
379,180,496,38,33
559,223,582,580,22
928,673,506,17,24
852,184,1019,130,95
7,65,748,190,30
850,890,670,400,83
899,985,103,977,59
689,847,732,792,94
23,669,661,470,96
982,589,950,135,40
560,296,548,593,84
412,917,613,613,26
432,758,151,29,30
251,884,102,831,7
1021,584,982,590,53
924,630,195,520,72
768,492,138,907,1
862,404,400,607,31
293,37,536,492,23
828,893,375,547,97
793,594,177,618,62
7,610,498,605,80
129,739,926,188,87
949,785,887,308,6
753,959,523,871,80
987,453,56,434,72
474,73,367,978,41
884,718,102,366,83
373,72,300,113,9
206,982,334,782,57
242,705,394,533,22
866,867,613,73,40
534,222,889,467,48
229,101,774,38,23
530,905,674,50,17
150,537,949,479,65
713,311,921,410,43
45,159,25,93,48
65,257,758,42,35
759,383,877,228,12
126,896,149,36,6
971,69,65,800,79
850,944,216,724,20
826,598,658,143,53
1020,357,641,706,52
197,42,483,111,88
187,409,609,508,68
210,357,616,503,48
339,689,413,970,96
729,351,995,828,83
733,930,15,447,69
801,383,356,800,68
375,622,379,691,2
783,869,642,532,85
115,120,736,375,15
38,907,858,720,69
432,221,646,222,53
624,156,923,878,93
1013,399,708,754,53
141,881,655,473,77
689,118,695,614,24
237,457,984,526,18
740,600,585,402,2
955,775,392,849,51
925,976,61,59,75
482,274,982,905,26
918,991,103,588,35
432,350,591,481,3
139,883,225,640,68
433,46,992,296,88
289,853,289,233,24
546,1023,844,802,67
298,50,9,22,7
808,564,909,509,50
646,640,547,929,25
122,108,107,378,70
695,130,789,546,7
150,624,968,194,1
92,199,939,868,27
754,631,722,31,5
183,634,564,704,73
625,1003,632,950,42
754,545,785,223,54
840,57,336,587,40
581,174,274,188,42
481,347,230,156,1
461,134,734,356,15
629,864,280,45,40
823,286,528,309,30
368,647,669,716,91
703,801,190,810,14
634,881,240,807,4
1,479,519,518,4
1000,533,562,498,89
99,724,306,198,95
652,280,139,973,14
818,62,156,611,1
304,563,491,877,29
699,865,830,773,11
979,512,974,252,50
336,184,571,336,78
709,371,257,725,11
182,108,39,811,4
453,531,36,95,62
727,532,141,137,53
969,669,681,692,79
937,987,621,54,95
112,981,791,272,10
126,967,32,833,13
62,784,590,273,79
891,778,894,1005,42
14,366,823,973,30
849,548,965,89,78
259,254,727,291,1
528,869,608,537,100
853,810,950,240,87
657,560,645,175,21
533,272,822,98,41
787,1005,689,93,68
539,213,963,462,0
346,146,325,72,21
335,941,415,920,3
13,320,855,322,50
395,833,543,528,29
831,734,726,699,54
298,217,754,547,28
757,411,866,743,60
806,87,15,438,88
977,104,367,287,4
157,123,266,311,1
163,579,7,483,100
586,572,663,666,96
277,376,784,840,33
151,560,196,87,72
329,1019,1019,831,75
790,69,610,402,72
652,926,222,943,66
2,213,543,95,69
335,783,717,201,29
468,1012,971,417,31
376,907,1012,125,44
390,674,927,253,75
906,595,761,69,15
866,503,987,352,52
356,123,411,731,98
590,765,482,90,39
395,802,822,941,16
435,316,167,195,94
134,750,835,60,97
228,998,507,426,27
788,496,31,935,49
841,579,440,891,37
328,1012,855,369,67
808,421,609,139,72
12,123,833,960,57
554,1023,374,490,47
348,806,539,416,25
258,40,474,239,77
210,576,10,311,46
466,841,62,761,50
215,905,25,742,36
956,902,62,43,45
430,673,964,747,75
356,222,496,398,2
703,562,644,187,46
142,726,933,27,75
888,288,572,739,38
846,99,386,369,3
345,1023,409,385,80
647,925,935,556,47
778,110,855,703,6
419,699,1002,130,99
857,534,875,639,65
531,1013,481,440,23
761,384,918,679,38
370,437,566,305,11
276,880,870,889,97
133,187,8,949,68
355,124,554,277,39
959,784,122,42,42
494,88,36,801,90
950,700,24,68,5
124,181,347,849,98
938,935,856,63,10
135,620,297,364,44
252,985,707,307,72
822,591,96,496,42
201,281,610,715,3
173,157,781,182,85
820,471,83,999,0
505,219,793,138,47
610,986,151,360,19
824,946,193,62,65
1017,663,298,475,74
888,739,280,173,43
921,732,31,119,79
406,294,5,920,3
947,663,364,954,49
617,707,912,317,62
110,916,72,202,18
124,579,332,501,67
426,469,23,200,50
644,588,549,132,20
153,110,230,1022,51
298,948,788,878,61
455,901,231,684,90
492,794,866,300,84
538,28,1018,65,54
201,517,572,19,5
681,398,546,299,74
592,512,12,1000,31
720,732,56,903,77
925,593,351,265,13
364,164,11,779,95
975,210,361,263,72
828,535,434,800,43
709,604,922,567,42
936,254,501,790,71
648,168,192,485,43
942,173,343,184,80
597,160,102,894,40
544,383,229,774,51
211,514,880,864,58
584,685,876,405,91
312,231,719,267,29
418,333,610,268,32
455,534,108,187,94
196,568,680,862,69
143,216,530,299,63
402,289,331,350,28
288,139,130,801,45
285,1014,99,616,84
744,145,340,816,77
782,466,135,1018,49
166,812,90,164,97
447,912,492,754,19
843,586,769,865,76
177,417,305,437,73
366,638,346,366,49
677,901,934,963,66
963,130,747,598,29
546,494,590,993,98
126,20,138,144,29
944,187,780,667,72
862,941,980,209,53
222,321,417,583,53
543,572,938,284,31
683,12,252,680,91
805,253,216,303,92
776,66,556,296,26
62,596,283,506,75
477,355,633,246,83
581,626,67,660,36
903,430,757,16,23
65,175,164,213,69
408,141,939,39,11
715,668,700,31,35
97,820,212,159,55
284,546,312,79,84
959,815,806,782,18
653,382,736,942,82
80,457,765,435,24
159,555,170,197,24
563,29,960,946,73
233,1015,154,320,24
749,732,395,273,67
153,441,98,410,47
1003,738,789,931,33
17,101,74,94,75
24,401,505,134,29
376,68,790,906,22
117,686,8,643,11
747,245,876,395,10
606,80,437,492,83
967,292,724,45,34
848,275,940,81,26
374,132,685,724,33
517,364,1008,542,22
521,481,159,393,56
912,1024,252,158,19
918,66,155,716,84
729,437,285,134,99
918,523,429,438,68
766,541,272,171,22
567,70,327,1006,96
626,748,915,95,60
837,730,786,707,11
1005,640,285,883,34
355,532,233,293,4
487,795,571,235,44
925,75,791,871,61
718,668,205,574,94
227,225,355,84,1
346,118,1013,51,70
303,1022,806,408,10
74,58,346,782,25
760,896,252,644,80
548,449,880,294,93
686,228,62,870,81
920,602,455,186,9
770,15,606,909,17
262,1023,361,62,56
135,507,55,64,52
764,908,219,960,16
569,95,353,853,73
234,565,49,480,80
1006,500,457,622,80
617,379,396,530,48
199,838,287,121,78
152,34,531,974,31
864,408,996,118,99
722,399,476,565,23
163,209,803,480,40
492,957,945,829,85
974,848,118,769,33
910,222,664,804,70
74,1000,835,87,60
984,207,33,594,54
258,380,989,37,54
337,1008,588,34,18
75,89,76,851,35
680,778,904,580,56
752,126,284,534,90
819,770,236,169,46
277,286,795,91,79
562,915,0,397,99
405,273,816,272,38
431,95,847,42,74
383,366,323,838,58
326,758,700,933,48
606,44,849,592,72
102,689,271,119,68
676,850,927,649,86
460,210,744,87,18
734,69,34,278,2
89,330,196,299,81
617,268,121,619,23
760,733,36,375,14
714,570,786,672,91
838,879,615,178,87
784,546,71,824,81
611,432,448,887,37
875,904,561,295,79
46,282,164,561,30
458,904,883,685,46
101,694,161,229,71
472,245,600,993,62
934,840,416,754,77
537,895,405,262,0
815,856,812,860,57
57,995,398,699,9
287,690,47,315,77
227,556,938,760,51
866,409,291,894,95
727,613,495,939,45
493,520,962,517,42
217,928,136,483,57
130,371,961,691,45
1010,55,674,388,34
1023,772,439,863,98
206,699,345,497,52
365,701,741,433,65
358,488,820,692,87
698,543,376,257,67
335,880,617,625,57
922,405,1016,312,27
250,433,687,275,15
119,752,418,653,95
163,152,518,284,68
957,83,913,172,81
466,276,292,562,60
646,60,56,953,65
123,862,873,26,27
901,560,69,296,47
804,517,1015,425,94
150,518,997,588,37
958,346,949,749,53
308,294,326,126,81
753,1006,972,815,64
765,379,692,722,47
727,71,937,925,43
222,960,1002,317,88
296,599,493,256,57
452,754,992,948,97
986,43,240,881,64
569,661,851,499,53
281,867,306,241,27
683,332,345,716,41
1009,617,259,751,72
295,71,457,777,53
10,295,807,318,40
275,92,572,465,74
767,867,678,824,3
1013,409,533,233,43
456,807,877,975,95
554,792,239,745,53
630,451,155,978,74
463,604,822,434,55
91,389,648,928,93
951,824,568,815,83
22,540,28,82,28
995,951,126,123,60
849,580,995,636,0
980,66,814,187,17
939,836,593,739,55
64,328,314,710,32
720,796,744,553,23
962,210,376,48,54
52,332,680,704,4
920,911,168,100,49
370,426,233,434,30
938,528,875,102,27
355,212,247,778,100
218,19,364,273,33
273,438,656,558,94
940,425,520,588,21
309,271,837,120,68
329,82,525,812,24
102,405,89,175,17
734,6,485,596,83
847,1005,105,0,2
658,203,929,559,97
642,681,344,532,3
770,219,371,145,44
188,98,57,367,91
572,700,910,95,85
103,783,612,703,74
509,843,364,521,61
252,760,788,42,67
626,383,89,237,81
906,844,1022,134,12
115,231,386,81,40
304,699,664,977,19
415,988,1006,364,95
643,469,814,103,55
452,492,20,997,46
939,176,745,764,41
911,1020,251,642,11
288,64,373,568,61
750,3,566,95,71
42,724,578,226,78
852,271,678,820,95
860,506,622,221,93
1013,49,531,344,21
321,42,706,753,80
936,772,382,59,48
669,714,674,915,74
685,98,675,902,20
97,1001,492,255,0
602,553,657,946,86
495,730,494,136,82
369,376,990,708,63
721,887,362,167,74
252,793,758,509,95
284,850,873,181,14
587,1024,934,853,65
936,839,958,901,100
456,605,44,805,0
511,1006,479,787,41
186,992,951,492,9
145,865,896,643,54
769,173,457,1017,34
975,628,140,830,44
132,505,262,311,33
494,474,739,743,28
319,846,153,98,21
402,577,433,439,88
186,905,159,93,36
639,327,810,882,18
192,999,350,578,52
307,267,822,584,25
439,242,902,427,35
655,612,948,638,96
716,540,299,113,35
204,487,397,734,80
38,842,328,454,100
52,735,919,874,95
336,122,123,836,65
90,3,863,856,13
150,1018,98,682,6
472,648,715,154,26
332,50,837,484,70
420,866,563,264,52
457,818,677,186,2
831,112,36,610,12
995,722,633,476,30
752,182,76,103,98
398,961,59,390,39
59,856,599,197,48
220,354,287,882,96
755,600,866,439,89
406,943,66,762,65
994,406,173,964,88
15,671,272,802,40
463,704,103,576,25
206,764,124,370,96
924,823,799,906,24
815,799,183,92,40
467,743,1022,998,60
406,266,835,483,94
89,938,113,790,96
372,687,805,899,81
681,305,268,459,78
57,503,875,626,44
532,729,250,761,86
67,563,570,913,2
899,413,188,31,74
621,850,634,428,19
766,270,191,970,20
362,505,736,1,11
413,966,139,566,73
849,122,719,189,92
614,8,534,505,19
5,462,542,139,32
254,395,617,600,60
822,792,232,543,95
149,217,212,917,38
769,704,230,368,20
480,658,492,320,0
383,241,603,511,23
838,273,283,1,52
699,224,343,487,11
436,52,706,94,42
765,268,915,877,15
454,177,818,650,94
915,263,982,863,74
830,663,247,947,36
296,238,728,326,88
827,944,531,828,62
662,376,302,172,86
292,571,96,260,46
313,116,378,201,27
348,122,37,397,69
331,116,750,479,22
876,71,557,952,65
752,387,25,460,5
171,386,15,385,63
408,973,58,206,45
401,278,170,170,40
311,23,577,507,14
962,511,538,324,72
70,956,914,414,51
505,557,521,865,27
539,584,830,283,64
133,910,272,947,94
517,123,1002,855,49
888,29,327,898,52
809,863,14,25,30
772,43,519,320,12
559,559,288,848,0
594,99,845,655,45
894,512,117,445,72
779,451,122,108,24
891,301,739,933,71
304,95,903,231,92
469,335,272,425,46
342,566,942,146,18
572,275,585,477,3
317,558,317,978,33
365,670,331,375,20
206,227,903,889,64
623,475,312,29,46
834,925,904,568,39
968,625,470,259,86
973,271,15,640,20
587,947,325,296,100
312,289,1004,887,92
408,473,975,913,22
889,581,304,579,57
199,780,103,291,66
494,524,217,952,69
961,479,565,425,19
941,681,880,494,74
307,67,359,806,50
804,625,879,886,39
729,166,906,855,19
959,295,24,504,77
630,192,536,836,66
186,543,179,755,49
40,633,694,858,30
157,201,339,160,80
727,947,875,104,100
397,678,556,460,82
237,507,991,982,35
384,37,487,481,32
893,204,992,100,65
352,273,84,1003,40
463,112,220,628,8
719,341,759,592,40
379,198,85,1005,27
186,189,519,905,57
830,636,261,1005,21
288,810,182,919,15
379,377,435,925,96
628,749,502,576,54
413,216,564,608,63
573,419,80,40,34
262,326,538,531,50
17,760,442,964,56
78,219,916,966,93
959,401,397,984,24
349,197,812,1010,84
100,387,1020,574,3
474,171,239,590,80
737,775,543,760,78
834,19,477,16,73
325,141,142,674,58
169,792,274,819,85
1008,37,99,450,39
245,482,327,930,42
693,355,683,813,49
791,292,633,372,13
29,279,708,307,41
160,823,980,389,13
482,558,72,354,40
778,540,473,613,89
951,564,825,836,60
976,679,761,277,17
506,453,489,625,81
24,342,776,55,89
597,97,578,435,36
804,380,629,117,75
860,991,357,411,78
930,697,897,690,53
609,889,391,497,37
587,512,678,959,51
996,568,510,557,54
585,909,156,527,36
345,925,787,1005,0
653,362,524,0,66
948,919,494,581,60
352,566,617,752,37
936,256,990,84,5
938,217,5,484,48
265,563,230,490,9
403,916,120,648,87
681,93,779,311,23
467,170,684,310,62
634,393,312,326,77
745,977,466,934,14
688,970,1015,936,75
2,860,987,724,56
555,888,622,748,69
946,43,262,812,34
946,924,1002,175,16
346,1016,862,197,16
226,39,800,230,13
305,712,686,884,14
486,894,428,988,79
869,143,749,176,36
110,893,809,34,80
295,787,900,558,92
647,177,465,156,94
383,562,665,793,59
713,257,663,4,40
423,841,543,972,55
352,387,818,182,10
700,828,241,418,95
954,371,401,276,1
884,590,150,942,62
773,424,655,882,16
992,431,374,530,25
354,578,105,814,74
997,380,711,569,99
357,651,553,783,3
654,430,369,960,19
189,855,577,174,30
335,811,856,275,26
444,74,945,392,96
470,26,834,16,59
128,820,720,212,32
843,878,502,612,13
233,515,310,56,96
982,438,850,621,0
120,831,376,1016,7
476,952,450,79,20
114,780,372,240,33
497,773,639,689,13
98,753,823,513,16
847,788,515,516,60
560,264,450,207,60
671,722,762,982,84
294,2,649,585,19
615,872,452,755,78
817,92,569,2,85
770,425,553,834,22
15,148,18,453,80
602,295,825,921,42
273,780,887,473,28
398,104,774,720,71
347,77,489,550,72
653,258,154,469,64
801,719,838,1008,49
961,858,473,160,21
700,300,192,18,47
703,99,825,212,95
1021,240,114,285,12
125,934,128,95,76
1024,426,49,816,46
350,525,829,204,6
281,90,464,370,88
370,171,832,320,4
928,362,460,973,11
850,231,314,377,86
397,867,324,207,54
989,288,118,246,63
510,692,101,678,7
388,800,890,551,82
323,980,266,785,25
739,77,412,612,9
819,478,464,149,93
3,488,107,258,18
859,224,876,835,40
228,44,963,246,43
757,310,604,590,59
850,852,254,141,76
922,533,248,125,95
870,790,652,405,52
682,831,134,898,96
335,438,538,917,23
202,763,715,668,86
962,859,225,239,73
897,741,188,156,54
447,172,18,742,5
313,618,662,86,80
817,93,127,489,96
168,858,390,913,46
907,987,353,22,24
760,446,23,813,81
294,550,570,701,7
188,913,186,168,96
690,554,619,539,34
777,902,210,901,78
501,112,167,833,48
71,394,309,365,63
482,620,55,76,49
884,370,957,7,57
874,208,575,810,93
618,870,206,457,39
306,447,607,466,36
739,740,264,164,80
213,216,64,38,11
841,370,579,173,66
924,616,64,344,77
407,457,551,957,75
703,505,825,665,10
898,443,842,788,76
130,150,158,288,73
643,67,618,875,93
748,746,396,881,98
802,407,78,226,83
554,770,502,240,82
320,324,892,635,55
357,885,96,1017,0
641,952,303,178,89
753,645,915,454,39
699,658,133,1011,66
33,679,528,521,12
799,935,139,232,11
957,267,986,258,53
220,249,874,1012,93
964,182,448,158,49
757,742,932,94,92
89,713,958,119,32
653,17,980,26,44
730,540,639,214,9
373,206,575,987,14
1024,214,496,167,9
355,405,767,680,20
935,188,925,58,78
901,426,817,302,53
213,945,672,159,100
123,918,176,755,91
605,232,17,27,82
480,75,987,614,57
839,704,625,738,49
708,831,799,842,19
337,633,353,271,5
367,262,51,608,54
286,367,157,41,18
397,652,72,979,41
320,212,498,357,15
859,231,535,751,75
389,166,67,233,63
111,371,707,490,63
854,485,847,254,69
340,596,629,233,85
510,124,592,875,3
339,882,842,582,20
374,127,5,223,93
472,692,564,638,32
331,156,15,243,68
789,955,250,65,95
993,648,819,895,69
8,586,646,697,4
446,862,734,934,8
54,995,671,130,43
145,965,603,145,28
30,899,949,618,77
387,317,970,598,88
962,570,1001,327,32
657,1022,864,440,55
588,250,823,102,99
76,397,676,908,97
188,86,374,8,6
1001,591,783,459,37
915,556,653,271,5
764,479,414,953,68
163,681,888,547,29
593,820,863,452,56
743,771,985,745,31
723,357,299,589,9
128,408,101,243,42
713,978,863,996,82
406,602,56,237,27
5,89,430,370,70
337,345,149,27,23
165,105,58,433,0
329,45,859,723,32
161,890,372,880,12
88,579,180,972,3
963,219,739,566,90
946,702,550,359,77
104,57,470,151,61
987,483,207,562,13
322,724,81,935,52
742,178,78,316,55
279,173,33,1014,74
919,520,204,86,66
977,610,258,917,36
621,71,744,888,83
306,179,631,465,55
1007,301,545,82,36
210,100,318,64,80
586,461,46,206,94
724,748,930,854,20
175,259,522,759,61
356,281,903,38,46
977,63,84,605,24
587,1006,122,659,91
654,809,641,96,54
166,548,377,852,30
479,552,59,103,26
558,98,997,855,55
934,1013,464,269,100
1012,94,1008,912,30
709,511,1007,195,0
241,223,662,281,72
928,936,600,130,55
884,854,326,474,35
10,910,923,126,47
811,234,882,93,66
490,42,329,275,76
549,485,923,6,6
937,481,699,65,49
741,505,585,659,2
81,160,960,304,68
406,966,228,974,73
195,934,294,483,41
382,25,70,77,0
431,772,989,42,89
71,468,26,764,28
758,732,791,737,26
720,767,851,689,98
592,97,520,829,41
510,402,627,519,54
525,1000,520,57,84
700,1005,946,170,91
90,477,262,773,35
572,474,297,242,84
211,21,773,485,77
523,900,939,715,82
557,456,104,1018,42
491,296,980,103,84
859,331,167,777,61
170,894,494,421,15
685,582,908,994,21
88,470,153,485,67
193,849,677,139,0
505,136,36,622,20
360,623,121,488,70
490,257,961,796,47
639,178,457,547,37
371,286,94,576,63
475,575,513,730,51
558,329,814,508,1
294,394,331,1014,52
129,866,650,829,70
667,606,951,868,65
698,266,972,161,4
979,336,548,351,34
336,333,322,249,38
490,488,433,451,15
973,38,441,98,15
1007,591,439,580,89
739,364,845,35,59
633,526,618,534,79
240,783,513,866,40
318,822,896,899,27
0,248,305,344,7
169,323,864,565,77
160,273,215,125,100
314,671,1011,340,67
90,962,940,809,4
913,535,833,658,52
757,505,572,360,2
287,910,931,891,80
73,713,435,668,17
771,854,87,139,83
971,115,812,797,74
927,634,537,797,0
632,418,900,807,87
948,755,610,272,73
498,224,164,578,36
314,868,786,438,26
620,479,748,159,89
278,222,710,860,40
269,573,83,455,45
922,393,677,647,20
116,405,861,666,29
303,437,246,61,61
213,550,957,61,77
34,423,33,933,7
955,121,205,922,72
748,830,580,82,99
366,186,653,34,70
587,566,794,1014,26
217,932,808,354,8
1013,530,889,878,37
108,341,765,336,37
626,745,515,723,25
137,335,628,928,21
708,380,539,918,2
491,311,782,494,65
32,866,127,149,92
713,74,844,706,64
956,1007,84,727,3
708,469,347,933,66
891,724,678,53,70
999,402,587,477,84
1,690,951,279,84
553,551,823,134,51
836,122,409,983,64
99,673,47,83,18
589,153,660,704,90
1013,766,641,351,89
37,203,775,471,15
403,987,814,246,79
718,129,687,690,67
983,756,469,217,59
73,463,419,312,59
801,22,547,292,19
508,326,640,936,71
843,566,532,340,84
129,816,148,474,41
245,329,438,139,39
28,650,228,623,80
642,22,572,546,48
886,352,406,43,23
488,775,693,9,90
885,148,983,446,36
32,35,489,565,1
868,988,207,409,40
391,518,85,166,21
240,141,51,544,5
942,189,401,74,66
270,826,1013,725,61
199,799,124,1002,45
457,449,592,536,94
863,437,866,343,20
445,515,28,1023,97
295,604,63,520,46
672,176,783,302,84
498,633,355,504,13
568,601,377,715,59
950,3,106,711,79
607,812,102,832,78
174,404,746,806,56
533,301,482,927,95
551,891,301,44,56
712,735,635,62,98
740,873,203,353,49
379,24,587,365,20
43,42,937,713,67
684,402,239,743,91
430,294,327,718,63
412,532,557,840,79
302,430,711,169,99
616,160,192,833,71
539,654,120,847,66
704,874,300,786,2
597,160,52,934,25
706,399,643,452,11
601,511,364,624,20
424,92,907,955,73
556,964,773,595,90
501,557,576,249,70
902,720,584,958,29
705,146,294,200,1
465,33,424,449,24
836,266,952,507,36
242,179,135,361,21
343,361,815,811,69
953,167,114,512,7
420,294,502,235,92
71,29,488,727,28
720,886,336,620,22
58,95,430,853,80
510,832,585,951,78
947,847,974,183,45
266,291,1003,995,27
935,737,290,287,33
147,32,852,1007,31
856,668,737,808,51
539,394,948,143,20
1012,48,294,356,54
349,72,902,545,98
381,54,968,953,15
46,445,239,392,21
82,996,561,866,81
1024,923,805,272,59
761,1012,196,750,100
460,54,349,267,14
178,367,777,638,48
677,858,408,511,92
376,263,682,449,21
866,633,662,188,29
310,605,6,362,1
606,246,500,336,13
533,764,838,895,91
204,830,533,819,5
113,943,409,212,95
395,1009,71,1003,70
85,324,254,502,53
74,695,652,185,83
1020,512,68,198,69
17,5,206,402,8
626,776,617,290,70
550,68,1008,173,47
46,197,317,182,63
376,356,585,1009,0
937,493,428,316,58
864,649,196,983,0
260,441,444,298,47
293,928,602,102,48
673,1003,105,903,26
231,789,88,754,30
476,389,992,8,26
738,467,114,872,54
336,599,742,544,58
702,503,223,737,48
466,821,122,139,44
1010,765,538,201,47
809,1023,271,730,28
39,903,337,948,96
27,2,756,844,68
299,124,119,287,74
161,728,121,232,91
60,398,102,612,100
204,30,1021,563,72
122,397,524,303,7
383,822,791,489,9
559,138,722,895,28
577,39,221,409,94
646,869,307,704,80
55,187,634,701,12
908,571,287,500,19
623,922,512,703,66
170,390,169,552,17
371,551,806,822,17
28,226,43,359,76
922,815,147,109,31
988,993,237,357,71
619,115,131,332,63
483,409,623,756,36
82,643,367,776,58
816,719,876,995,17
105,315,993,32,33
978,866,223,790,97
351,999,138,754,90
644,315,601,819,13
166,642,202,987,54
515,978,217,197,53
35,43,881,47,20
380,383,66,630,79
462,976,425,216,71
50,870,375,297,48
929,578,578,306,2
167,306,60,426,79
879,561,911,856,37
915,407,983,823,21
75,348,401,722,100
716,917,843,297,54
59,697,5,672,86
640,470,554,722,95
153,507,464,959,54
20,255,364,479,4
701,66,522,510,84
912,262,90,409,34
697,426,576,510,28
33,705,994,487,6
866,665,134,325,60
811,894,158,812,8
712,629,993,813,37
1021,987,554,510,89
53,296,805,14,69
429,525,548,319,21
796,789,264,209,24
516,383,654,176,24
25,1008,340,263,45
204,630,943,554,77
632,759,1006,1003,79
2,537,276,659,47
699,746,827,988,3
861,525,823,736,25
616,794,166,15,87
146,669,649,574,24
23,47,854,801,56
674,289,737,963,61
140,86,965,53,72
855,563,165,55,26
583,1009,676,177,5
270,103,986,201,41
819,91,247,6,55
484,464,724,370,0
729,172,862,418,97
571,483,277,20,67
1001,932,222,419,18
441,137,586,997,64
697,437,435,625,46
765,773,460,864,94
345,957,609,468,23
553,317,611,421,72
871,344,782,500,89
201,791,504,978,77
84,619,816,849,25
507,406,584,259,83
103,52,906,292,35
833,179,379,178,2
200,359,958,189,48
605,429,793,63,32
194,323,651,559,6
566,696,903,176,65
481,491,540,237,56
861,677,972,298,68
355,902,104,714,69
516,135,323,633,59
403,664,110,992,61
361,7,861,163,36
618,373,967,970,77
539,1009,78,963,35
625,75,94,482,46
405,457,610,494,75
642,1003,308,276,0
727,382,409,733,45
155,655,346,307,68
954,163,563,996,78
611,195,521,784,27
846,370,666,671,41
320,951,112,248,85
553,381,747,371,28
78,757,669,280,86
990,577,169,312,55
672,137,147,960,84
549,565,692,75,76
508,396,679,444,87
693,187,595,372,40
384,236,709,306,32
984,353,266,881,64
113,408,792,333,50
836,884,621,265,8
292,454,15,421,35
412,474,850,384,42
768,700,852,551,52
115,766,770,92,81
490,22,933,468,30
170,311,664,621,76
214,210,58,285,87
296,311,104,40,81
920,617,691,260,60
830,899,573,221,76
497,299,830,902,86
984,970,574,11,14
7,904,792,208,66
106,687,997,847,34
375,399,3,388,62
296,833,529,199,76
4,924,719,184,92
381,636,999,282,34
788,66,204,644,78
584,306,882,479,32
686,807,338,937,76
932,446,148,156,100
786,616,36,369,3
831,799,342,248,51
755,204,539,990,96
130,577,228,236,37
689,596,990,297,66
964,931,997,296,8
877,630,626,1,80
177,960,961,659,50
1016,983,576,957,76
16,1016,777,488,90
1023,502,491,234,99
440,196,663,624,25
144,622,573,50,9
865,941,611,92,77
618,878,750,418,18
360,256,324,983,26
1006,624,198,53,45
706,952,461,289,33
379,908,241,646,4
910,161,363,778,96
370,56,590,495,87
843,509,596,428,26
439,485,286,348,69
37,271,866,929,8
493,134,127,827,2
380,499,535,881,89
774,676,415,705,66
507,589,185,140,28
9,443,282,471,63
688,175,782,688,8
566,685,154,663,50
937,418,711,267,2
1020,709,64,666,79
301,310,195,709,55
1009,208,789,29,21
869,533,815,107,34
537,855,67,391,2
771,487,398,418,67
238,82,43,831,32
172,52,429,413,59
767,835,609,959,76
252,422,68,734,37
720,529,464,575,98
317,364,1000,861,84
113,118,357,153,43
961,830,96,348,88
102,672,381,771,48
799,476,426,936,94
392,303,650,137,43
166,7,481,311,34
894,302,184,967,48
750,993,319,270,94
805,362,175,48,43
157,519,255,898,73
187,599,659,32,27
136,144,762,244,3
668,713,165,621,23
655,807,929,402,43
736,390,895,106,70
46,590,460,591,16
71,277,865,369,58
543,14,368,364,35
540,931,833,228,4
854,230,602,826,50
129,198,846,536,87
652,330,91,439,95
876,922,463,655,47
487,183,344,304,98
923,826,618,569,81
806,459,447,448,49
603,223,403,508,48
664,257,212,432,89
213,685,843,420,99
191,306,755,887,82
195,756,924,133,34
366,492,526,606,41
287,506,111,500,72
356,389,742,847,10
737,635,1000,976,31
992,933,47,914,80
133,974,240,389,81
867,136,834,875,55
808,746,325,198,60
817,370,454,427,96
422,802,106,861,53
211,411,966,324,49
562,678,886,65,84
969,353,1000,730,7
824,853,492,932,33
528,376,655,726,3
319,794,558,650,10
1006,404,806,348,73
134,576,263,300,90
698,786,734,963,71
499,818,969,185,27
897,162,645,985,97
853,234,879,206,27
31,665,762,12,66
3,143,392,508,9
714,384,721,935,92
897,432,187,568,12
90,599,127,575,35
786,479,367,733,82
153,882,965,811,81
855,448,713,347,35
375,632,523,307,72
231,185,358,256,45
1005,745,212,488,94
70,122,103,368,74
697,483,382,207,28
283,367,748,786,65
48,177,144,673,4
1021,699,997,777,26
343,824,642,791,6
1023,43,579,797,77
568,476,81,511,72
497,1004,116,779,32
990,690,158,904,85
908,653,962,531,23
114,496,94,763,11
468,990,854,50,65
412,720,832,484,38
82,470,285,611,71
99,290,694,367,10
479,563,532,85,26
85,633,349,10,30
134,393,764,471,54
148,257,506,50,26
513,959,625,915,12
517,922,702,644,94
1019,590,888,218,55
77,15,270,192,24
722,67,397,159,89
250,121,176,902,55
503,411,1005,108,72
535,405,320,452,90
740,149,721,127,49
406,748,853,508,28
448,855,512,27,33
635,634,478,1002,73
91,78,89,223,81
652,773,871,414,91
515,570,390,126,9
725,962,968,534,38
470,464,398,5,68
591,242,617,909,100
173,993,723,677,47
569,227,898,529,30
726,409,523,574,69
520,266,400,721,49
20,902,92,991,48
45,653,123,365,46
1010,671,297,659,75
213,635,223,956,80
792,466,105,435,77
545,657,460,235,34
287,549,880,955,58
553,814,119,7,44
939,982,463,595,89
513,57,1019,427,39
837,715,208,971,28
880,926,459,669,52
198,224,863,880,91
38,381,990,252,79
321,695,892,443,99
186,421,895,15,17
401,820,599,454,11
901,176,897,956,3
369,847,889,621,95
991,189,1003,66,3
326,823,200,510,5
622,436,572,298,98
342,115,389,473,57
579,51,929,115,95
583,896,447,242,94
214,31,515,130,3
160,73,966,927,51
823,122,431,97,19
995,75,145,158,66
534,779,355,856,12
58,116,377,596,98
605,367,573,756,100
72,972,614,551,92
1000,608,746,935,57
593,295,486,197,29
489,637,137,970,31
95,227,581,833,20
734,94,894,159,4
986,442,523,727,76
238,809,816,363,60
608,391,969,585,8
988,459,120,942,96
885,528,882,1019,16
242,977,203,994,37
921,297,535,426,80
843,221,546,162,31
1004,920,1009,419,66
445,384,621,128,1
298,672,925,989,34
639,748,549,837,22
263,349,941,731,8
226,40,446,437,16
617,468,819,484,34
970,722,345,962,87
7,779,834,748,37
412,110,14,536,4
499,961,187,624,54
408,110,369,478,97
228,793,421,161,73
249,533,137,277,29
152,488,656,70,56
118,162,920,653,4
539,1011,188,14,19
4,183,534,49,62
134,721,113,322,56
471,727,222,706,36
800,476,901,519,5
281,519,310,328,32
548,16,357,274,17
672,961,652,790,71
726,390,205,686,64
968,333,125,339,82
666,690,269,102,90
967,83,738,741,90
391,47,421,244,86
205,636,515,271,79
949,576,181,687,40
263,33,12,900,21
692,323,550,103,77
531,249,215,97,15
768,804,927,921,10
508,128,750,962,96
420,485,645,330,98
888,434,257,300,2
445,51,1013,151,22
884,366,95,113,84
263,367,530,440,14
762,1000,771,484,29
435,744,73,365,26
643,868,815,420,24
461,876,45,529,86
944,494,79,762,98
573,111,530,661,39
409,790,768,420,36
775,255,844,162,88
502,411,941,368,44
119,1010,681,422,1
61,468,706,328,38
325,78,189,822,64
283,897,197,611,18
412,354,793,868,20
7,646,155,699,93
142,334,900,129,77
717,753,219,4,61
855,837,960,708,2
383,698,108,582,81
878,962,599,235,95
395,781,124,409,8
547,2,121,76,75
175,444,855,208,87
373,211,302,756,17
498,976,580,27,2
988,45,849,277,56
773,590,967,1015,3
558,98,723,38,50
624,922,849,700,91
10,37,654,594,76
183,138,1010,1011,55
91,1004,40,942,81
418,62,798,101,43
1010,634,180,691,66
100,272,874,380,81
688,871,193,599,47
758,167,964,71,17
364,100,913,838,95
302,899,187,853,57
549,642,88,161,93
482,958,517,98,61
955,293,670,236,67
93,416,605,155,67
843,801,264,249,62
702,680,372,146,93
861,269,697,623,58
584,428,622,610,91
673,735,417,329,48
786,50,204,1016,92
142,404,27,59,0
68,389,623,341,98
863,1018,304,324,91
264,128,727,19,64
298,1005,0,440,56
319,881,887,1021,73
927,428,503,953,96
527,509,948,737,45
496,173,81,242,82
394,602,173,423,4
366,996,567,185,2
500,941,678,97,18
797,697,738,666,62
20,861,852,867,30
617,604,566,21,55
917,408,293,243,51
270,542,934,941,74
896,41,201,217,51
145,555,556,988,66
655,339,926,999,1
770,243,428,212,83
815,938,348,709,68
403,922,485,961,43
295,392,386,667,31
710,156,328,96,69
501,741,98,125,90
881,290,975,768,73
725,557,631,399,62
177,917,793,41,31
34,623,552,1018,76
560,551,269,285,15
189,248,895,908,13
989,802,532,970,0
833,528,574,174,55
285,969,395,305,0
472,646,950,451,42
748,578,442,351,95
323,383,909,741,32
404,818,718,109,31
264,983,384,472,24
658,51,435,63,76
863,830,332,221,65
796,773,352,626,48
982,478,188,363,19
224,720,279,583,9
491,648,27,782,44
727,51,557,863,43
1005,370,496,545,93
778,300,134,1020,75
321,1011,564,31,99
418,151,164,308,15
864,324,848,202,19
1000,52,424,809,75
